TV Broadcast,TV Cable,TV Streaming,Paid Search,Social,Display
0.6381799918547264,1.107403548100646,4.409349860784841,10.821571199485753,0.9206530575950183,5.758640291871655
0.9417185031999387,0.6509129170621069,11.302056595995607,6.0696864756970275,2.599796313194377,0.6424669825360311
4.988404692967949,0.34187925559985827,2.6083474928691968,4.047713786086343,4.333151390871273,2.2620683263991603
4.449442789468504,0.7980615635624446,6.470411963761858,5.153074681144003,1.5813406268942531,8.196634763753261
4.060197604769482,1.151994644303597,7.702460815434306,6.98046201188161,3.4105026523902895,17.097112936562752
2.1080420966198177,0.4848068280094413,5.786840655024242,8.430381156774674,3.894773355125478,2.2679446304583073
2.4285427110931335,0.9568815134704396,10.031089595531375,1.5271284043159647,4.704922697580597,3.8836997468501715
0.35339307702208983,0.36159860977444686,1.3164530828697911,8.751996440362516,2.455991030990196,2.3666171471142943
4.971210025757649,2.7913770099177104,3.306382837481684,5.0829712490287955,0.09400889475256861,0.8392019602319521
2.0178229378716095,2.380907922525916,10.14575100387512,3.7820978189505925,0.06807456986051881,0.4670059016505284
0.8621348190805143,1.9379109530229885,13.451525001391117,5.433894266146612,0.9929088353928428,4.994387676466721
3.6382275183679167,1.0883838025169144,0.436937904785173,1.7800054968898495,0.16542364273495183,5.458240296517274
0.5853776759770708,2.8608420478999523,1.9555921336952218,2.5236010395594928,1.0967022594125062,15.154651732255417
0.6359066806350895,2.1783721812208263,8.91633886242837,2.297321593870192,5.182780560285906,9.436940055488483
0.8668328284716397,2.821435319802914,3.676947278746242,2.0005960098280164,11.345595777481806,8.912023265697526
2.5609730834583537,0.13494294252312558,14.102161808039842,6.181447877636796,2.4016522938074694,0.7043069695453683
3.031176622093332,1.1569216941266784,9.042630275422924,3.9068557623610105,0.47841223431204377,2.80821315891694
0.4527123385423944,2.8891267146177975,2.7992056307189133,8.194391466943081,5.932814372645371,1.731597325569051
2.09666822916281,0.34975772445797765,15.80179959602882,3.469408053082362,1.1118679814984602,1.1661697945999057
1.4637084234986582,0.1555703153685581,12.887712215366701,5.2774417966605265,0.79603199659916,1.231210349077715
1.8478652716037591,1.5091861802676683,16.458089395098586,3.4370446138196487,0.6031113545884139,1.4281559805034092
4.461169210622849,1.2141294609266633,6.37043508617298,2.936931637223071,0.8605693869382349,0.7438447136129537
0.5422243922063832,5.096633917276944,15.353342678711515,5.519510884317342,0.3817609211952861,4.446467782524294
1.101619914240405,0.2865734019558341,2.475329179888014,3.9359485198530293,2.969360271613424,2.679263564528958
1.452983636247305,0.16407673558120472,4.968745747860116,3.4133364718855925,4.97071933915145,3.487456291442954
1.3527451527521541,0.9661596672082865,2.196936383073581,3.974094651103467,6.300121371044427,3.769826787873088
0.773356326158361,0.9408379711740517,15.346437989411918,1.8476611366600773,0.8827132538821196,8.750031548176745
0.785982455047939,2.6992189203662793,3.701616746161529,4.910929577114138,5.985312700381193,11.019609064685836
2.7586920151916994,1.294896359839833,6.113240519281996,4.044591703736285,4.342022529896245,8.464833626934745
1.8707664409734044,5.6838138588787785,3.3676707539448767,4.513553010802519,1.0704625576067883,1.3398038722383396
0.4286486342296864,0.9384618072589803,11.752091025228639,1.5042018087783169,7.3948660013199214,4.2480061217211995
0.5196360491905239,1.0201276366105316,10.71928290422851,1.4848370266989708,7.376915506580738,4.180084886046162
1.066304594667078,0.27227614076459355,1.053676160959384,9.083599953233465,0.6959703144707771,4.45661586774194
3.2892223601236683,2.3463150407236313,0.8092957410695998,10.24233445664924,1.3735137361079188,2.98194225261724
2.6098030366746428,1.2176781698348857,0.9675191046925623,13.207887427844012,1.8244138729555792,2.8635482371222722
6.334212576741741,1.440869742076463,16.69496790873519,3.6087791073718556,4.820847829074284,0.5557190323270133
1.3373496820424908,0.8929222299303073,0.9839398762260577,0.749858104347483,0.0933961426030101,4.400533339228732
0.9367360778973945,0.15696787673141355,1.9078052657130922,6.171412132333884,0.7730750055814907,2.383033482307016
0.8024621671800097,1.2023403207288388,11.844112422863168,10.938468698169823,0.24241130551733042,2.0859592850338835
1.4446943890969386,1.1156354046677912,13.303139412959329,6.596307561537519,0.44817321083914674,1.5590427019921556
2.2383215835557593,0.04158524400723959,2.3560610088380227,1.8198885664853748,3.1194673603955017,2.6260275012928584
1.397798550310034,0.18208052011658446,6.254192549309828,2.2811959295535496,2.5323134353102317,2.0648116689794844
0.3101384775696798,1.007557172800393,6.334027708808454,0.7104171427371725,1.4491269226508572,2.4634754263532157
0.2776119123275703,0.39631784150489263,9.741812065335045,1.660511599195916,2.798503173839184,2.627201584508199
0.9451543553233751,1.7689419398828607,4.144954630208276,0.41027860915500225,0.4869032590010633,4.420089825567802
0.5234339976545638,1.4728601870706637,6.214745749906063,1.625052715482744,0.30160990289250367,2.1454119626022807
0.40632183301174246,1.2203368964045276,8.746397668642736,5.049087399642231,0.6351657901865835,1.437067637445263
1.467786669836132,2.3752782850429552,2.806063353773137,5.331728867829447,7.707371987073662,4.079542425894571
3.103633984376537,0.6437504494093697,0.7694730431839361,2.709166236588917,5.431166896068532,2.3656182292608676
4.836214069069962,0.14208154382873786,0.8119906597539348,3.6244414196454167,3.619805525687794,2.062924729579632
1.4544270659663874,0.18122643000727817,1.9338222963245395,2.0583237087590938,6.5121802342256165,2.2588525902688437
1.0670381553186399,0.09045755938916887,5.901049989850163,3.8806598979411344,3.6783052148722204,5.337392957748596
0.77186642053979,5.631114849614763,13.22437984531321,0.8904956625989721,6.04891677441232,2.222540834838163
1.7217869764622944,0.4643205412763956,8.725197472999888,4.271013204973858,4.012216558978579,5.6400272185043985
3.4066957654124668,5.462265570113245,14.294452410619643,0.8567358448472108,4.921436600011275,2.3792950763381944
2.9523401439742565,3.046994920647948,0.25195734139936343,11.217240267282818,5.011056559361472,2.1332735117479054
6.67168942995069,3.150116040797293,0.5704696894650759,1.5533576041549373,1.9519896526484728,4.093630941487543
2.2129636673228235,1.5269329576940451,12.545612156301077,4.111138984989136,1.9089105063425433,0.14387844597343502
3.51051095095997,0.15995073524483347,1.9283258542554713,1.7026082780650504,3.2678463644521627,5.4165815689496535
0.06016723568394768,0.2982856183074187,1.5338800088659759,9.045389537864615,1.5492252176280683,0.7037107134614348
0.24712548501289636,0.7440727586152821,1.2685049540810136,10.508457055736143,0.9653107457879258,1.4032318415348277
0.19377185218713672,0.11951547022252534,8.304596135868422,4.894259496640499,1.5965624351718526,2.0711035058582725
1.5488973893918416,3.1223324260111767,7.694966957694493,1.1652204186857296,4.864982328299156,9.77551801299074
0.959250726070018,2.0572377565853417,0.41973434447619623,2.505093890857627,0.8307287983382168,1.9067860128302698
0.3503722269929571,5.740708928847606,1.5183467617602073,1.633615694156272,1.9864316287240007,10.572645902588997
0.4834526063358331,4.451805518328511,4.005003134400971,2.0062082250933715,1.8865874159905975,8.383874558230431
2.730076616421431,2.667949566899544,13.842312993902725,2.6132368986242844,3.303222292564905,7.308105717458107
1.26560094163509,1.129268998375468,5.4687381022946076,9.516645524954614,2.471102012344011,6.700353229094125
0.7018082842547798,1.8472167766219918,2.7031111953800324,13.94785459209468,2.974525913671189,4.556692721447133
0.4680323776191952,1.6938872580214752,6.072270663787058,5.006573440228169,8.565867009675278,2.1372431920525066
1.5485961330789986,0.5039157566910745,12.142071624370043,8.515122640937166,2.106002910694123,4.0239036374187105
0.24000855820712502,0.3265656566095635,0.037325945381968005,6.86460081387045,2.046699232730686,0.6943500423894106
1.8474265781610992,0.3085838870254788,0.019295386523157553,2.9050498189028846,0.8145264237172541,3.796638937725322
2.195021639279224,1.3892711123198278,6.854871417479183,6.574590820366544,1.3600974260751624,13.499606472050687
2.745505368272353,0.9444217809213052,7.654072953575984,5.7409814600494595,2.109776961812882,16.523743708664554
1.7501941820025946,5.536909560289823,0.948060244527247,2.947403416448567,4.54500673082483,8.383606046858764
1.5915818958876602,4.769500357285299,4.1187991522972345,6.517020113880831,2.3176166588338414,9.754577150185947
5.936758651277495,2.052169805332788,34.43596536320587,2.280637090826994,0.41016021598945634,2.0234200394706434
5.023243415510667,4.278714477262973,22.162651103310257,5.299796514367422,0.2825517333211614,1.5756897040635296
0.5644991555128424,1.2322929212406142,2.841529186539843,4.517689476508936,2.4817086207936083,2.068577187257683
2.7620328856837393,1.163974121538301,1.9921878803940258,2.3085843667909653,1.5543059990127384,0.5166632846304897
1.1440489566861751,1.2661366041642887,6.761531952908899,2.63467856575398,0.265408841021403,0.8746234585644421
1.0593733064243374,1.182712174949792,7.89955147880833,2.4952806100814366,0.29279467473793813,0.9400018302473165
1.2666021726647252,2.0759710385763976,5.32214573191153,5.526650904774923,0.10748224371745421,3.834108974457996
1.6782487205773702,6.23896802635804,10.732775381515848,11.008281097402437,0.31677094728273664,0.8832726329605064
3.509439840331716,1.0933548963717885,4.426571194826887,2.5207845457541946,4.6306160220077075,5.522052525529957
1.9178609689089523,0.9270412372854627,3.4461379660698084,7.244638217516682,2.695638379430571,1.4595821235941338
1.707376006037968,2.3459185508561986,4.6675578972215614,2.5743841730660266,1.6036525270498647,4.3314566130650345
4.061562186199257,1.3046186709553036,0.465578463476791,1.7962433861964173,6.540751027080161,6.632402634018274
1.4068785524542096,0.08979796830866507,3.279148611551979,4.3747699149421715,0.4762287910131899,7.866455491037096
1.6985698664187219,0.19390873374719284,4.335286554449357,2.647589002479423,0.5383132063864581,1.205056977009608
1.7068090865837173,7.413234404601957,4.239967333319917,2.5729267233430844,7.690713338047625,3.729182808197337
1.3709064247099367,6.865629139317626,6.3440554072120765,4.871346311834637,4.549062959493484,4.318074291918578
2.929851981756886,0.399813757575872,9.733902919011422,6.445499839602014,3.8072337529389886,9.725948393028997
0.2405537545698903,0.16535797726282664,8.939281826527354,0.7972687862020971,1.0034837135598849,5.417128619247352
4.314504529155072,0.47688127544892306,5.6634457365320525,6.231030177491594,8.37056596621812,5.786918448220215
7.368454563838386,2.59691019740992,1.485801653561847,2.5591047656111128,9.880163998024983,1.1875916521719296
3.9546810790449665,6.223413025637092,4.445016329440333,7.145634177698891,1.6596064879920878,0.9152283677436417
0.4611791588394198,0.3852261021601563,2.9177999114254334,1.6845184305378411,4.984857235618682,8.183298715793224
0.3144365231929245,2.6633007151940387,2.0279769833985744,3.182534026499066,2.45614790417263,15.791413471455842
1.9671327339331062,1.3752253203595675,1.7712730348161088,4.519897768102598,2.5028421029739754,12.21232486260729
2.510296766300204,2.8694976116648863,3.5831815049704816,5.664927343532392,1.4981103101739506,5.5162948256736
0.5426893779551115,2.845059061081392,16.352487410134003,3.0695837480773718,1.3417469136562339,3.6093396244723546
0.5600906645136351,1.85308722660132,10.982887427874847,4.223310990197354,0.9140219638889205,4.395040407103126
1.4916580686112397,0.768688253160198,24.65787074845093,3.637952672199208,2.132920061586334,0.8469901381336709
2.3885869759118408,0.5155253926714383,2.7437741119308985,2.761794091739935,5.007801161675031,0.7640038954286656
2.070988055239576,0.5872973117614899,6.24320029699813,4.938544355541602,4.902393584830782,0.8808483305013921
3.3279269395857343,0.07205604541218534,4.433975123248253,4.757611697594731,5.05262013027383,0.4387225730370152
0.8382983528004179,4.460784301691584,7.210065749519514,1.3354807893465837,2.977694162196266,0.7844755782985519
0.2656745366763419,0.11564298060366025,2.882509685871193,4.763027786752954,2.0220107719677323,1.1019851490380952
0.15400975048251891,3.2999430939002607,14.94343907990445,1.6353261785109443,3.0697414959283424,0.5154153115985081
0.29992332866614246,4.543773877917733,3.537158805025752,1.5796147282121231,1.1656312047596036,2.0740237650688593
0.10557741345806594,1.2270008438989595,10.260187641417568,4.003156473724159,3.080400038449919,1.6992837562712682
0.8124177861734784,0.6797260717262719,0.7417433566568685,13.498159150379577,2.343824018869944,6.909389675912608
2.6868782919647316,0.3400457586757488,0.09176388058265557,3.122739830261585,2.6229647457738126,0.5648506335416772
1.492910360339555,0.20082021713073173,19.687751273619995,0.7043276209728289,3.0197647356486588,9.734442322743535
1.451397075852454,0.22322108432422783,19.43956444414707,0.6788165244098152,2.696232335030631,10.534894655147864
1.3257721932654118,2.084672736064347,0.43507367309167483,4.038953081561006,1.8851779002200277,1.8185527393356287
1.3550085166087076,0.20013012755960108,3.2552075097147966,0.5404956523630038,7.795566296760078,4.162800183018131
1.3766419094862694,8.934183420615934,4.8305505175442605,1.6465663806064372,0.6004605763988633,2.4269229749830967
1.0754100558252875,0.1808372464971057,1.0197101347314945,1.673807165461365,6.536328318478618,0.6506381323811106
3.299961083597797,4.567355120961106,7.773775490565796,4.442512377647375,0.576716536421549,4.820876480378052
3.116876688798604,0.5425372577116422,7.18952677890649,0.5316107372094414,5.17558991966212,3.5691039831771656
2.879478595699618,0.7200154657766136,5.181892269778777,10.614562022759753,0.9070687847612774,1.1413416523281121
4.0003941998204615,1.4763719787923306,5.146070709172907,11.334323794540365,1.808724294973649,2.1787136637701114
0.9010559964715146,0.34676966513691804,2.704417658621064,1.130125214218905,3.643182440403308,4.268674953610875
0.4359415347786502,0.06302566546004128,21.122339352615317,3.1856852301774046,1.339383557609488,3.0162980166294417
5.455744091715163,1.1007406961130872,0.47948014438158154,1.5036570899205794,2.8523310430527085,3.647115416598334
0.7156756047063187,3.2288692301580455,0.5730421623566849,1.4773462037533085,1.915759660142835,0.8005547133763332
0.37041532736086824,4.666060002790222,0.5662946376177562,2.00147726283034,2.765624095137495,0.7365055727231792
3.9520214764373582,0.010807175603325643,9.375423072785088,6.311139495251263,0.3839014412696143,7.810838309843616
3.302252517674995,0.005333823501003622,8.310336806092032,6.435638872441927,0.4319160030699419,9.516651914987989
3.216860246623102,0.004512588722728085,7.689532965773894,6.640106618770657,0.4910601179435863,8.846129727393931
0.27860051963043536,5.23261485302863,6.388398772686503,2.347160085956435,1.2758268910541435,3.550521925389224
2.038927319862119,0.21416679681231032,6.7427074445710735,9.605486654808724,2.1513979194703974,0.40253511602838626
1.0576977018520577,0.21677382579612534,9.617229111548035,3.5453173924169694,1.1752924371562221,1.1653139233448082
3.94206536944963,3.5416065694471954,1.8525918827635506,3.505435982782322,4.070111800400331,0.33473444421580434
1.41343336375257,0.42979430458706497,12.544923396196385,2.7202214556798903,0.8922530829186283,5.806176823315058
0.8239837139825165,2.1699010016614255,0.8268958734702114,7.95909119238908,0.5533067757497033,15.098101155510149
0.8404106993865738,0.3109229286635725,9.483329064795766,0.4211937393602342,5.120800082841002,1.2045281188956674
4.168699866527249,4.516781490564245,1.7890262569966564,0.0023263753120284754,5.432437801570932,10.827311942050349
0.8455074050435228,0.6247196383960976,13.564938192871326,0.2148471773541699,4.011228243573357,0.5758918092557272
1.8858831581219195,3.8488628365926454,7.880127752344019,0.19215416062744645,0.9666447224124286,1.6735836818869716
1.6516805635747889,0.24227022572094042,4.178348445270488,0.2077298934298627,2.78617753652149,2.5720265569949152
2.0180558876964527,1.5535471561282437,14.455696605716751,1.5391745421369865,0.4131716513031156,0.8938513428306358
0.8456928469243681,5.569446873573585,9.88874931154255,2.3764859453871625,4.751894062477195,0.9411164335412806
0.48417200012605466,6.496939991970642,2.274027213121315,5.213549269044961,0.822936238603256,1.173641246094518
0.5420793434032485,0.11482242778700487,3.5913725535497294,2.4778026724818525,4.13538113980557,1.5449019811748872
0.4311934751783672,0.5894360904453351,13.869302025570917,2.5457254283775437,5.52926517953226,1.319369605460378
2.3896432602619777,0.008556766157796427,6.513418737163332,1.9803654027692237,4.600010310784291,0.8223363516285537
1.768962706813689,0.006697652000064856,6.979920826653692,1.6320666042487848,2.0158144101529105,1.7601327820427821
1.5390892458439591,0.03538431141035906,3.4557612409152654,1.5611350482306836,1.137630947243307,6.594513754847538
1.9210697007623507,0.47554802279732356,8.49115445126993,3.6120749983889744,2.3163562644287548,1.7599812750354318
2.024563040110379,0.3247258112929645,8.428425358586832,3.2686382533917655,2.7567851545291204,1.4934499398318217
5.650172242210153,4.0115994057406645,7.692933068973653,2.7994672276413373,3.7197255150767776,1.065383157227308
1.5619729165153171,1.7614428857180853,5.7906862966983095,2.3527148834397926,4.4376748780919275,2.8461117301931558
3.559572354469279,1.3775119628832575,1.7329774346772955,6.8383854315807175,0.7073981861624227,0.46368266266219554
1.6582451965227214,2.257317011809381,0.8997748727550492,3.576819628762551,1.650801479705585,0.43232043614043575
1.2856309887151274,0.10930517073820306,0.47861972028338046,5.269352821577871,1.2671545008665115,0.863280666211222
1.008870914045475,1.2807897481338144,13.031350974871106,1.2063645735793502,3.8540729232290625,9.026590973925572
2.1589899324802637,7.098561055006527,1.2541688140072202,7.914354164136229,0.32550316193515005,3.9795393622084325
1.2760916772669875,4.14790280186806,3.6580598097367054,6.491901469545268,0.19795672282932084,3.9963787594555575
0.8777110559059969,0.3083841594983041,5.416446959401739,2.194063943683133,10.393154978849905,6.621580198405504
0.40497246145864113,1.0118809664812132,0.3607747060573579,4.053657289223444,3.4724642434493105,12.223657973390324
1.5306138184903306,0.020168182712302772,2.2760584934516737,2.245179325804778,2.619290869465167,1.9704701043548722
2.295121177868397,1.159045171236608,6.190501610459585,3.3379564667855464,3.012540065561042,10.931731532194236
3.098916200789312,0.04249420702953301,4.754490137361229,7.162227493603469,5.42554137574463,5.791540773325773
3.3856100312859296,0.015244878461289515,7.59568681302628,6.3596643189793785,6.717470046380959,3.393059097764483
0.42468067244664365,0.08727702602219126,8.863619725939882,6.587904733913694,6.7640757067116795,4.257715772126862
0.7478102392427441,0.12400851180923562,4.787585649622672,4.661302947979925,12.446629063645544,4.534153866097172
4.487017604455513,0.2983093277442564,8.58997330763397,4.490899431348636,3.7956415299520954,3.5688015215033384
2.7572425006519357,0.1888261724940362,4.882274961796714,4.494031222639182,4.1464968458981915,2.7244558067539124
2.2589329518561354,1.6330454354109063,1.090964943675092,8.293987733130269,0.7375611936608657,6.8597512021685905
1.1626415166346238,0.6411722194084549,1.7367857599819518,1.3430435223879884,1.937591405469864,14.60217441007039
1.3740587032125335,2.2672197246889265,3.7588090482126293,0.39291164114739796,3.9926500301622054,3.2774735109599553
0.817723932631492,0.9333614303970392,4.879928732687215,0.028268838366327854,0.1519622041710678,4.565400090103651
0.6664180124387148,0.9549348379746002,6.043609241053362,0.3164314673510953,8.343698560326043,4.882015825380622
0.9284057799850253,2.356480950842131,2.2328301091804046,2.5478833561832106,1.5425233731539867,1.883342202795656
2.9755550233451507,2.578700532181584,6.49258611374642,0.605653926185288,5.509904155338793,0.6780842110728048
2.9165440826508213,0.874746093015547,5.078457157816879,1.140128873064394,1.5526987961871912,1.992221925483751
1.4889074600723249,1.5640180381561926,14.390482507025709,3.7206966451544785,1.2234695256535206,1.571819190313347
4.324524281211947,2.061893686440217,2.131299063883498,2.6866269445056163,3.5954707541373474,0.8333689942150527
2.8517154455966316,2.866090107004675,0.6521559867991202,2.673783604738045,10.625492815296083,2.5859316296160286
2.4350122006179356,1.1300556325437885,10.426719572511349,0.304017261076253,4.395757317874428,6.908793425154707
3.970277021336216,2.057263218107831,4.514364063961255,0.811308895164753,5.397336340696696,8.48436410832205
2.286715761440527,0.13145227628148973,20.217888817776316,0.9277518404311742,7.050321696125675,1.2000565834190136
4.184885481429865,0.15835711525799406,6.457836208562731,2.9697011099162416,3.187850826253788,1.6339865069986717
0.45609169450465786,0.8474463777706608,4.606440742448449,2.014110610150072,3.3895286966831653,3.6755158200644518
1.7095120136727524,0.8258798709751419,1.1961999408599322,7.686333506934347,3.3273185871300828,1.5581899269568344
3.0676899586279465,0.42165797165059943,6.453286465511575,1.3476725639382647,6.757497700946878,0.24167638547055784
3.1935455489467977,0.3148751921015408,5.3818104491900405,1.3588964207796428,6.622527494839829,0.2088346136836552
0.8506119436194248,1.925624645318521,16.489608931413443,6.153792407810592,1.629609702962264,0.6463394071936598
1.1810057340625342,0.733335532014899,12.022818988897091,3.8530862644515818,1.6742837789073552,1.0240482143094016
2.889595065652013,1.030269603598997,2.881896697667555,5.782872416684413,0.416669534789929,1.5206730546786706
1.4472006695634712,3.3617040743652296,3.926703334602534,3.361679713520188,1.4678639081323333,1.506375643006699
1.098987500593906,0.5044051523657325,4.394280527976477,8.26151696349911,5.7864045351004005,1.4203674006595364
1.819206059232812,1.5103352363481686,10.178797518658305,2.1429411171376436,0.9452344279211085,5.766702401390666
1.6512606164705474,2.2141904468482636,9.521320759657218,4.557727110098007,0.36149097029914146,6.51615560139144
2.504454280253082,0.34031099622759825,3.7266950070039635,5.204648687318714,7.4397688728136675,12.322011116205594
3.118650858343347,3.494046488607003,5.812781029711972,5.8806119680204105,0.7355105960379393,0.3438782272641819
1.84207206558917,5.521212226524019,21.056849511369247,4.977530174416546,0.7729255209797893,0.5851710692780939
2.289383862970549,0.7716026551408008,4.107391833720691,3.509871190936053,1.1662240332473568,7.823140465815122
1.3765304906565685,5.747450431256876,4.355276250196308,4.426429861027079,0.5971517778386355,5.176922864756055
1.0285647979453907,9.621712910542607,7.015394592338828,4.424861090200425,0.6318413987243731,1.3213684375783006
7.118976994679772,0.5666513536862696,3.1897551903197687,2.8005568421165954,6.350957538220797,6.221077037311641
4.685012360710529,0.10903347077296453,1.472603863881864,2.207199738548799,1.4485824092201522,3.490227579291847
2.5954185675529122,1.1859088413372294,5.769243712767099,1.515777361773074,2.8167502045246016,4.556966412781994
2.3004318973147435,1.0257784251795072,5.361156928492997,1.392468183713858,2.7385898034889524,6.533048148008135
0.7167047481135703,1.1126609874626388,5.48782156129132,5.535322923893826,1.5500698905568209,1.229332647204451
1.247834059940612,0.587508114631027,1.4809358539159174,1.6149369203037052,3.508964822648374,1.034939246438393
1.1797173672869077,2.8041225915305157,9.136851097628705,7.511998496452758,5.950530514434953,4.014078030489789
2.671261914263321,0.2896151279508262,21.892245390581984,0.77334091568056,1.7695697149467131,7.336063547937772
3.4648857272282347,0.9966679222296175,4.591857253701582,2.0835925462220115,7.646553811823209,4.220758978855556
0.6194134850228231,1.4743348541037962,37.9328861906101,3.095721598500793,1.4431413075061965,1.8220713319995459
1.7332989378836121,2.346562720258502,1.8508891114239747,4.616618004582988,1.2905460705371452,2.497065266008278
4.6591422134694,1.424078976530604,0.5325971331716597,3.6999679296151657,0.8864514963645515,2.4877601153289044
2.3249409068905678,0.918451572189812,2.285312563633341,1.6984930334407666,1.1870774444871066,5.500123805206895
0.24580872333774026,1.0802515989710684,32.155851224438535,4.453675951550866,1.9928349243007686,1.3877795016613887
5.084544245214592,2.899458629034778,3.378135249126952,1.9439026067430956,2.7646798875663796,9.3642374254055
2.0469949762525586,0.6988889048628527,11.024908464196796,0.912355675197901,9.412857078196742,3.158275975822917
0.674938918029181,0.6642223382579734,0.14303969647872733,7.801847582715292,1.680401168652984,2.972483878365764
0.18693233154184205,4.517665693164058,0.22518826524041388,11.562671819512754,3.2550422041498956,3.3144824580272605
0.1675374998642424,3.021342037671134,0.3943889673801693,11.862042905954127,2.751732759992761,2.7801555604022914
0.1161962486966376,2.5942463570124836,0.22411290269297238,12.798278383039605,0.8867680926480169,1.9938467396168729
0.09131089295985859,5.969678666296873,3.6235985292572095,4.063499101155884,2.765359884738577,1.6051368802489008
0.23916321338093618,2.2101575009919734,8.922429399870218,4.156600705221517,6.843248335655804,6.16004194992385
1.014913550523994,3.173043498463175,2.639980300483293,2.930349704344349,8.279958108709634,5.614458281018543
3.32686729142357,0.8617802771901737,3.3243221570084307,4.063485683042825,0.17783271982533394,3.9523825960993846
1.8308115577799047,0.892195636218209,5.984560290033595,5.758300168044033,0.014704863309708221,4.1024233939037
1.8912485607710563,4.5796389959579695,2.719545281359434,5.044709627520444,0.00665531448421307,4.752476881692864
5.199789106230247,0.7317937721267477,7.587882773290603,4.965861132081119,0.03619214539237237,6.909354296191966
0.7265710517516233,6.900654067650736,3.2782819711439797,2.0843073944039454,0.08490664555332099,1.7684271775714466
2.3110518655946612,0.07286697100892825,4.664292018837473,3.0823004447014988,0.24270028869372948,3.191636295934795
3.896986091885666,0.4164409336638057,2.916931294378665,2.8038510443040017,0.15544469285144327,0.85897260632793
1.314380255264272,0.8396280134356325,2.304282399640304,5.503274366448508,0.20054817971541292,0.26656221801083496
0.26063321654629135,2.7763187549165624,9.9605476354128,7.148775362135339,3.645387559702338,1.3606496728215052
0.32745796600129395,2.6100881962114144,5.854718017126151,6.1268714887121165,1.299608633680425,2.737541504401587
0.31099557894021823,4.882629890200307,2.1162260865222056,1.2515319875808435,8.068219136766492,0.9631430096091811
0.7173360262256973,0.2203608144215986,1.5616401233993369,5.659980888019479,2.619658594484715,2.277639217340208
1.351252811084257,2.461572442134965,15.193113996599513,5.660259546679757,1.142193597635648,3.7847048140710657
2.132529507258911,0.12894111390331742,1.4950236367293257,3.668832165724097,1.3838966510908586,17.719004323594447
0.44214769575227886,1.4451992389736754,17.20909011242764,2.514018511261597,0.09896383158559137,14.1911391737233
2.4987782121038453,0.8576042830985846,6.797061819004593,10.052538914097862,1.9924035930658721,0.7208891262936479
2.528938857346242,0.39170086219559286,1.8812729419501606,10.327629326731472,1.6888344071431947,1.6572699368503676
0.5291224897998092,1.0085057227416798,10.05615078549925,2.3707783269783733,5.789741308289272,2.935266344987639
0.2598180085822731,1.9716058209852334,1.1500481008135122,2.962717977129883,2.9667830241774644,1.8378591562079745
1.037405652628304,2.0651381835003377,5.856723476396618,1.4841879959022237,2.922339355318825,6.321155309651727
1.6234315557826207,0.22571377721055746,7.4419923574446925,7.5052182091490165,1.46933492858073,10.439401501171051
2.236635279689057,0.8267061557157765,1.0701668432845595,3.790064169685299,1.1311381947003158,7.9605697588801725
1.4078420296120966,0.7938514459390873,0.9739143112941161,4.982816966553831,1.7080059723366672,8.54985689053157
5.49047905628602,2.227356665741697,6.634809207445043,0.48064247444461816,5.024793692086784,0.40061596241129205
3.0513791055009274,4.160730071533384,9.957380881051813,0.13191702636845284,0.837150108112407,3.1265318412084846
0.7342269366102163,2.3641864371786387,8.562487499619898,0.07659316517852152,2.5817901536612458,1.0494540853147418
3.1804308171749893,0.40411558041739215,0.48731408837117174,1.9640242302347088,2.2541547183008017,1.1203963409551554
1.3454176967814342,2.6151131233821796,8.904322516377999,3.120201345420017,1.3127474800936358,10.157578833881148
0.7769917894963151,0.721754225140389,8.328227765766014,3.09029300606778,1.722734059143471,12.936773138528592
1.2245942703615627,0.6231697132579626,6.085881560670775,4.76404708618771,2.186970981468855,1.4665264088378156
1.6733739133184193,0.935849070750452,7.0946481621274335,4.844992058431993,2.544735296474519,1.3718236101283339
1.7310642903743418,0.6040426313256279,8.818371160513225,1.9343859655456725,2.6477898422818145,1.587979900429867
1.6615445807845846,1.2027982543301343,11.991933885910873,3.7115835756857436,2.6425438109725934,0.5292930532815904
2.4169889780607305,2.576084939095725,6.301926951875453,12.349012072347026,0.42914235004864437,3.754757386606627
3.9234280330650555,5.662945744041146,3.190422652664746,2.9651430160996983,1.4984035123317572,2.027204062007545
1.3069927494356102,0.2929389811802523,37.74329960765713,4.581311045932402,2.999295841097683,0.845347581799486
0.9461645561113994,0.01705307660967842,20.069564952669968,0.12642224489618392,0.69234343661753,5.515201121769279
0.13475351292938767,0.8462570463195388,2.368287619127544,2.854171019190795,0.38828095315137173,5.761181796825762
5.849495079177849,0.8887684717152977,3.2094601742873854,0.5783994768990008,5.295395746917335,0.2755052359937499
0.2837836324502096,1.9641667016896491,8.931663380803704,3.394737082283032,0.40932542594836363,4.007401912841616
0.38451918227483545,0.9784770754059433,9.550884512601867,4.310416278217303,4.327812035101556,2.5074529928241747
0.14539355707073126,0.40709987440437895,4.752110815497564,3.361236311925547,7.007844407407315,0.9661408357879007
2.319094393113701,3.0218059624671847,2.1749838658656984,1.2687771943874502,2.8108180057303125,1.0252058036172693
3.68588686887361,0.2522555870392371,11.50426120568486,1.3715012003673128,1.4120725883456091,1.485122723642358
3.3155928985077785,1.3799159246204773,7.222927253879347,0.8901834725067574,2.0889838722763923,4.224194875981349
3.1914316925316597,0.06544040222906058,2.540284129799491,4.611358342320833,2.903421025562891,3.82389813698111
1.881122507202041,0.19035212903839632,0.5600887011462902,2.3523655884262435,3.5313694610604687,5.940270971613067
2.5062804621974797,0.01382680296369625,0.4074648856104482,8.070521545869008,2.3806163002199594,3.4284857035745135
0.5188301169282853,5.8634318627117485,12.16338230054574,1.3050525868603935,5.598181222429087,2.6538605091256557
0.9368196716589329,0.3553315488071734,13.249390500355204,3.30231261671554,2.124441236116111,0.3748983437877619
2.8358262130028327,0.46555757109971796,20.954253605491658,4.760239599918051,2.5981397827097394,0.5105856293992398
3.543494623968241,0.1686431886496978,8.767758607956711,1.7040824893280788,2.175168320847333,0.2392260028324566
1.0875440253625617,0.24284246324779735,2.5508298603846264,1.3333250206263385,1.7642592609828718,0.4921471117664431
0.4758870465835232,0.8672068297884968,0.9972173458694611,1.4373134124247808,1.7670561615772444,0.5795481608167635
0.5892797840840933,1.7114614852588654,1.4621910441684693,1.478846379722116,2.0353657052583576,0.8001955171302993
2.1210277445450374,0.17595459484567774,0.4542970442992742,0.36465361786975137,1.8106549447279172,2.371567221132964
0.3647260564391973,2.943284957388205,4.927601253134062,7.9657828231659735,1.5827075432221407,1.0660611522361814
1.517844438188159,0.25894238203501296,4.137416909932829,3.286198697763623,1.6628829669076666,1.3599559654142035
0.8684838893696245,1.1288009422443388,2.654564437730416,2.7756055983123082,0.0782754394569279,1.6226417091935763
0.4181144456456536,1.6708713844838754,1.1833826738333362,4.903055572174572,0.23356704115930357,1.3118534373354405
0.661787058224225,1.4974529973216921,14.437414677147212,3.922173480174138,0.4288052450847643,0.4004257558459637
3.0081210014425057,0.7705884988929653,3.703570016379219,5.191952656130353,0.5422526238632105,5.1620645077562495
3.912943777720572,0.3622001462436559,7.470563000136334,3.262773204039976,0.8068425992450324,9.171553108370937
2.221736884252447,0.894486593104243,3.58842459250491,6.427501057020493,3.5124584785781705,1.960866694736296
0.4657975766001702,0.17845329823238804,4.408380005557088,1.5392350446888392,1.5610183292888506,0.9296494321988986
0.8408271658878261,0.2053081907323951,6.561218088011277,1.2982438005696966,0.30842619389103315,1.3745543361185946
0.716608098578585,0.2887679278697995,7.585737781600313,1.2213989538939396,0.249413944993767,1.4546593888021833
0.39539472961880046,0.5850408609721662,28.650592333868744,0.2440041032636593,1.3982286039646643,1.5478220527266435
1.4810067648506742,2.3440218335165963,0.14733116152976095,1.629449707946747,3.419378629621281,2.3027822144032153
1.5123394474966634,0.5099745404975611,6.609256590361585,0.3733376880159091,3.0351339140715816,10.277043006415827
3.7145830609549586,6.701198308783135,6.976855105361609,0.8177568217181295,3.894595846182431,3.1898718547896916
2.495631889912335,2.1234318237933607,11.542149849453937,2.5463003121149708,7.323656278839624,4.91740032060744
3.712289479537697,2.5803994001582895,5.587968236788511,2.892637611891969,1.9723854708873994,1.6728593555854652
2.5124220443414123,1.0946771661268972,2.8350588786384514,2.405637450256464,9.67597888668801,3.1122511314766386
0.4621729223264564,3.165007498004021,6.516537661778017,4.529401938637968,9.708943245812645,3.051404567574948
0.7183755230885897,0.8106246977676533,4.479560451372254,8.825435997776827,1.0951790322830892,2.444549990896201
0.7550171617586147,0.5995532688824826,6.390882616017578,7.835472129884564,2.6025908983885007,2.222227345818237
1.1547375459617382,1.7020643132127686,2.5778177395076227,6.203292933316337,1.4138394646453318,2.6954311363303924
1.320917701605573,0.5507880820526534,2.2901313721453107,0.49374804848589005,1.6421350710620548,0.47639388846144176
3.190870985410796,2.0134812290712696,13.371576005901572,4.25198231075957,4.413033234442157,3.614299699589164
0.849981324626866,0.10893512895843284,1.1820584971063348,6.693441787976027,2.460359099504178,3.5056295434953104
0.8326705475395544,0.01483366421010624,0.8193746767633695,7.809530071956847,1.8672092783542242,2.7472340728221534
0.9914329245053164,0.0004783568991099302,9.471731134707312,3.7814657761388233,3.728371966402066,1.784132040611152
0.3583151911708686,0.0003826468956142223,14.623619323822144,3.8260718567983725,7.124114597104787,3.46825807454475
2.611432208883983,0.04238251430106321,8.182780020371396,3.4932151231674955,3.055923400671992,2.557907024620044
0.25082233890911954,0.9033315707057811,1.0568233227971202,1.7586451649308439,1.998388910633049,14.760564406738247
0.156867848026078,0.6598000429192884,2.4234826339112843,5.087062867768595,1.3742619143892643,5.103157458518624
4.779957451492253,1.272306542998346,6.233210167875138,0.9687321621256375,4.330098471398386,0.7349838894163081
1.9021766091181918,3.155187440960013,4.299541848448164,5.103305949905634,1.2514239795565305,10.75033599291076
0.13273236991222945,2.4783639789756524,2.7608576091457806,4.046361520402975,5.785476361455861,1.4011805579760346
0.921683876034929,1.7119380514171223,7.044030296101262,9.722534928985196,1.850043386168478,4.506948003072256
7.515570220843682,0.6709812862174938,1.720639312668406,2.8960064201240123,6.703864808158015,1.5281115947282329
3.7730693322411244,0.6782038419218032,2.989569819526086,2.9932371266751647,5.73320787828738,0.7579081269788595
2.4521185566848076,0.26361053740287244,14.16156180605988,2.3341801260166166,1.6831553562460875,1.490361960011399
2.8878487994323154,1.8506717891607878,2.491574437402227,1.3646836058032719,2.006029955624522,5.7535040076870825
0.07398384576080742,0.03098940054222789,6.065098750520447,2.686043654655932,8.045731856571363,2.508830333579883
3.213348420765595,0.06518451354979037,0.2672912244747604,2.0905110388715524,2.256792929665565,12.597749828431223
1.061150525978961,1.5983370480139698,10.27169078042914,1.123120986436695,1.7629532478952117,1.3875488752463352
0.32147012050259244,0.46195871628492013,3.8845961675572926,1.2319006285954779,8.78253441892306,4.484007340667636
2.709928364652119,0.7637321745608224,3.560531743190185,4.106419568381552,0.8038619562183924,9.368982662142228
2.102262708604174,2.0448537946136667,6.104938558143065,1.2382309912320792,3.9330384256993693,1.1383284775033
0.7435311084195564,1.309925940609668,0.512751942146702,2.2240338566953577,2.7291405162932034,5.595654920264157
2.272942815278951,2.3468813243604956,14.227899789053772,3.877393249930164,1.2971457800964763,6.741294403728569
1.9975332392398568,7.09498459732137,4.760716513922797,1.1947884584662722,1.2735513708420516,7.138558569960838
6.001193802799012,0.9908854857216922,8.658316279821996,2.75848264296646,2.564351129932179,10.209633531769681
2.986492371507613,6.115540488987258,5.375456304370657,9.605328653128488,5.262715561200066,1.5635528657262536
3.0491093583483613,4.289475888948772,2.7667528800356913,12.315583728963398,3.878100443939495,1.561313745754715
2.101270187720718,3.8984320702364736,5.044308838950615,2.954310113394294,3.3672299348958568,3.0558018287159
2.5597205490330706,0.9689173561800329,1.2282729259214855,3.5336163385412087,0.26292186189080513,1.4228972849277663
3.004653760335817,0.6111262888439052,0.8941036926549183,6.058943456521526,1.0375697833768196,0.8296780496543606
3.2960019924207447,2.1299828820566633,0.21049470900927209,3.650184902398981,1.0984582197799013,1.237232070236006
0.9792661399997242,0.5186351847478761,0.6844659024140105,6.288789340374565,2.8115338039618263,2.1077667286163684
4.517586551443026,1.0550260120600974,33.83934043317214,5.289057410313901,2.4675058710232123,5.505624410450327
3.3232140663873317,0.3745017171660763,2.540736760687725,5.226968970606065,1.815351330173696,13.15649973541518
1.4489295996299145,2.7188294078941766,6.327465374555189,3.6866700904396983,6.595434613324416,5.353876407069623
1.5471815652884304,0.1159658320347732,15.067395067505542,2.4288611419717703,0.18400787968642068,9.109722085519751
2.9376462634767053,0.03115922727413531,2.0780063346143196,1.6010888172211144,4.169341175552664,2.755951839241464
4.535135031012207,0.018525737745187953,1.405238664231195,3.2975556910719495,1.041799898456134,3.3856253380858563
2.569988525516435,0.2356037213501929,15.480746903984016,1.8831762697829544,3.345461974458089,2.3955152358483742
2.144384753634925,0.9690950948651603,6.962033625376493,0.8287350378483709,1.6417610531916724,9.074195331719036
2.1002439798659007,0.22927416627647235,3.1828538442199346,8.404870585025067,1.5621342587119351,2.8414301480949153
0.8892712057483841,4.2962399172499,3.2100157486455982,2.623410349357583,4.823713984932142,2.9499738150485966
0.9811354460605601,1.1233393787453905,1.9462485964368288,3.42672072432944,5.706623860975074,3.4361091575967966
2.372806548145215,1.7087449518890656,3.8296869396992195,3.044382400701547,0.1664350413340163,1.4927399738208909
1.0810147220454163,2.288631095495592,3.329737630830989,2.800303707244475,0.9644165652767995,2.229094757641042
0.8921587867461662,2.213240691211409,19.936574729305747,2.799908247184336,1.936742183453175,4.225500918566982
0.9156467341405871,7.350929620274761,16.74293952196884,1.5979719039742368,1.650743895506787,3.3258894086987847
1.490754940163407,3.842166827666091,7.168110346457386,8.768430098734548,1.5568127995975332,3.8631985827879443
2.1554254759592886,0.8420236234805795,5.494880129569688,3.4804893316800034,1.5745265427218178,1.2239918029146495
1.2627267813559135,0.2163885721314669,17.36151587002768,3.490940552288682,2.9868674921070264,1.357790738695088
2.9518684840367215,1.2429297607956127,6.765903916716802,7.203214061645639,1.9295200392819285,2.086736699317279
1.482281165752344,0.5885087202245773,3.265378579058831,8.211659805753788,3.887963942436381,4.525044215740092
0.7354750770871502,1.2307690013464172,7.49045227013915,7.552203818198206,1.9530807057569737,5.057446043227458
1.1714023251078607,1.029711596393436,17.481494157683162,4.296789817686482,2.2867684934719184,3.6605425474371267
1.5596354998380053,3.0503081189146504,1.9747547646863564,4.728160140401486,0.23566178786174707,1.8728629286713947
1.3388058461037915,2.8131953766566284,6.386508549307972,2.2142454952261903,0.28583457422947084,4.064940262729726
0.4653772069330167,0.7620891327380699,4.615413161990747,11.53921133373398,0.13148287816355958,4.9696290281592495
0.5151207451797173,0.500172004183573,2.8584645294848277,11.128932390787076,0.3062450431011709,2.044151364192933
0.6234383677976544,0.6735306558915519,11.905518542877509,2.9785231919714126,1.5681817570051957,1.2211292792087551
0.17342230634654768,0.6815060050735807,8.416365345247325,2.366643515564284,0.23373138730379778,3.3155921602748406
5.513976605152614,0.06044762906264959,2.8776835918395216,0.32308838729275957,9.212466116052088,7.541468275754508
1.100106152247813,2.2139219787919657,26.145869435131054,0.5110131865069449,0.7510337116925921,0.7952732941496715
0.6556795210726177,0.0920362594833619,1.341303879036261,0.8334248026403919,10.693526058339687,2.5136489361437455
0.41395966987058525,0.08153948931328409,17.39777789135456,2.047793407591415,2.4875767152496095,2.645402706301538
0.7543571746946505,0.12644771316131542,1.9438584182361698,8.607914611434667,3.381904231849921,1.9035666581877326
2.1787354299095454,0.22712684854165466,1.6825952225623853,10.923850542684592,2.2980848971288133,1.8958261440281177
3.9441624167464435,3.254623669210209,18.436295185617066,2.159818106783975,0.23965411674869272,1.9422793306499264
3.134037270053017,0.11749635701150017,8.49271955113837,4.550391448871889,0.6525308773333609,1.49854943430348
0.41368800840417586,4.553750835100441,5.325379752532044,2.718548267827814,9.987530729293518,3.676784059577288
0.7491626375200896,0.040032947116357825,10.841024259154192,2.736192250148259,0.49636903669478616,0.8415421459998103
2.107814663009543,9.494059783461612,4.930335589957742,2.5706835156184176,0.6388310298605994,3.6789873184245128
4.059350823426693,1.6346399129451374,7.062155883400496,7.925581762301038,0.557923967400259,2.2753835013468824
0.412687479820877,5.5077644505944265,9.66877808374178,4.017862544093934,3.5004547301322666,2.4078436276447506
0.41257352108780054,6.782006629122483,6.093378967071459,4.182489415401647,3.3598304501067773,1.4046484239187196
1.5629242449495886,2.7353162785698633,3.8906646599952532,10.644239794632673,4.747970121195914,3.9788584528342676
2.386498500866968,0.39449844598985123,7.338031663842654,1.6299011116315294,2.076467934133334,2.00942364737647
1.0173520866575085,0.24524977628958652,3.7421333413633184,6.52510859969008,0.8511768648567626,7.370501494868185
1.4761315612456645,0.07986930264178116,3.222630917783011,7.309066873865729,2.415428573503668,0.7861981873145808
1.615182625880889,0.07044394474956107,1.5765518030167114,4.2465277204432095,7.608320837802135,1.3648967885622327
2.8089006035442385,1.5824084031469972,12.253494385012164,3.1193454951984134,3.2000692547448324,0.47624064880471473
2.112687115526418,0.36602902853227004,2.571589413555614,4.269177628130565,1.911732065620221,9.634262960507776
1.4182574555823546,3.333447560148124,11.361670073929478,2.9091215001105346,4.6941526054484966,4.833021988006336
3.6322348272253646,1.7013513697311533,7.748692449770083,1.0131428111774072,6.787792220739701,4.264723158240742
1.7608602337657855,0.5329383784539078,3.9920313010697632,7.727395048200228,0.3121216338510409,5.8932542481832755
0.8548096283329949,1.1471302187215284,6.907328073852042,1.6520384167629536,4.322279441810433,3.295797064478545
3.1262404500589014,0.9804430302196017,6.2727764052862565,3.3353257055087093,0.9801571677296391,2.9277809566807274
1.677320643636872,2.221747531352397,5.531660864212257,4.76579144212122,9.796088361368456,1.5158669755408338
1.1289637070200609,2.180506810399218,8.492751636457351,7.450839019292096,2.9725968735009998,1.648067691160117
0.4875098064081482,0.6594727508027118,28.467676800124302,2.485475478889984,1.8194214201050962,1.8567579669080378
1.311513733713871,1.088176105334034,0.016852368635828677,2.4696063661879735,2.9703552973435285,3.6312581405307647
1.9630677696112764,2.1475785260096463,4.130196005095609,6.684272802136362,0.29967932876291997,7.310975101550928
3.2305403149820493,0.7433382875495218,14.111603021417084,2.029035795928859,0.897889286071085,3.547168911438329
2.527047767011687,1.909906719731146,11.075900070853896,4.311939509435458,0.515681073312774,13.135318084655658
3.213557666809907,1.1554679133870815,15.563269668932325,7.310959433275585,0.32072765628489386,9.511005284273027
2.2374773832977657,2.6934419910411433,23.378264438291154,2.9909930400965736,1.7691776144572766,1.0478432347995104
1.8909504567710016,4.114766119274253,38.23686480178605,4.884797381457793,0.7444148786545929,0.7219982201413084
3.2245519951122183,0.28923164028845544,17.254705838410395,3.8545105978787157,2.541295209174617,0.9188257962875264
1.5432948136911826,0.13444442851725244,13.171066146835383,3.639700971627704,2.4688656430930926,2.4868247966067916
2.12116051300836,0.06422821960733355,8.34869640744325,6.086323302776436,4.461731198863868,1.5765890211692544
0.8975786880381316,0.41103294603894586,11.090296373155049,2.788467778448885,2.454752608475061,1.1810403686377964
4.297767747972054,0.7916910879984017,3.803230976812127,2.7245571706316314,0.7201218423777854,0.917207914706326
1.4168362093779785,0.12991084753158957,6.864408712059351,2.4866802528811145,0.3112764688414873,3.227451360592001
5.126005467169347,0.6389816557295902,9.146042694689,3.4225437215971044,0.6351411318258326,2.06782223137263
1.1068437465693786,1.0162178576617433,2.123508595679216,1.064963176692054,0.04951885274732445,0.9791214262622938
0.8228172676742028,1.4608235378991672,21.16293348020976,1.1006671756669035,0.03260220723334001,1.1638174302273947
1.179594569006555,1.6620249862365803,15.392540211381087,1.0867839798639813,0.03391348826867673,0.7209519456926324
0.929411741689821,0.017667956949380267,0.421038783750789,0.6972155914711601,0.4123053574091848,0.28579025525724033
2.2206590828281354,0.04236597776491002,0.15719413890875392,2.838155397040213,1.4762761446513653,0.4135158699888254
1.270534945116564,0.07504592926539816,16.834018787105347,4.540889959506217,0.3871922951200013,4.792158855206226
2.042355003031344,1.6860960699536525,1.6287507901293279,3.66029685346951,1.507340513022702,3.2738024927722638
2.136663174443784,2.5979726766992175,18.295584144866922,1.1277822478868333,6.072638779996509,2.477602668327208
2.100813657209973,4.92644951367294,16.606305843692404,5.392210861047185,0.5897379349499363,2.6832301038986897
1.6148825013376724,0.772488923557857,3.1385044735496184,5.689838397506866,1.9488840322714716,3.369836707493115
1.902937919737154,0.5665588113449276,2.2831578890689697,6.97513314091059,1.761728073086507,4.9642515561989535
2.11384845628598,2.8461980421958515,10.751524313139386,7.237368932829728,4.4673278030637285,11.923269980084669
1.2402195001448233,1.233125893484637,1.5846516430404307,0.5597034298530852,6.025020880230717,30.750711962853867
2.9264937336671135,0.4056807835665898,1.8019557158370276,3.174522677122476,4.81416683621529,11.055164981233693
1.993166591262795,0.681850982055794,1.8319727577804363,4.71510358757975,10.098835139485637,6.584884106549235
1.9322631224355167,0.10041426138522096,1.4585090743098301,6.619038093412559,9.740151796325197,6.113255934065703
2.5157853401482533,0.3585631133383614,2.8072232868461087,1.061296382621322,13.765353309782324,9.409158557365611
0.26003588890992674,0.48600902666195533,13.13651710320227,6.540668898140922,0.5941200060191886,0.7883880355459695
0.27647087203752274,0.5047900022380066,14.750090365923052,5.575306050200469,0.5293855047456647,0.6697005315849451
2.615973756410405,2.6530519049386334,0.8445107113109652,1.7350227430072969,2.535759948223279,1.6250314147859763
3.253816395047235,1.3591280636873884,3.9102668965300587,5.683686717334927,2.4924378005304653,4.534945768699818
6.05754120842446,1.4149282515331927,0.7196730097664131,3.688395302757786,0.29713105742260776,9.189834360140319
0.7081646832390017,0.3842384936913444,23.039950039130083,4.795965619962978,1.708965053910895,2.5469754844369508
2.5746316671158334,0.11112088639851603,13.460631015402969,7.751698952165952,1.9976119646842918,1.7180005916102807
4.837957359347932,0.16851983975229004,27.289978189066794,4.0497467354162495,0.8287494749022634,0.7989807962503737
4.274713729851321,0.614833239067026,5.5092853652168,3.2731259900906036,1.5729543658689638,0.7494215536767874
4.3235971387747405,0.612781434011693,5.415554666823138,3.06685216251422,1.5695872912836655,0.7650120171443295
1.4892636442272549,4.9076786453126005,10.88454060631782,2.9763319942158533,6.121661654005416,2.66814103010729
0.5270097374687099,0.15619576376473518,2.5665680093080114,5.622007729300161,4.011339181783053,5.684233907496285
0.7297928132714047,0.5610184682467155,8.424581475522526,0.5852030287192251,5.811212228499095,18.991900566418746
2.5951620266822366,3.4279615963997156,7.413273298784908,4.166432166208241,0.2310739655958285,0.00600119381039602
2.126979571126471,1.6183008767584588,4.3170373830657365,7.06112323183743,0.23939375928569653,0.5117492922363457
2.0413327149379508,0.7109925353801664,5.292139535581025,4.366584896410303,0.42643202503019556,2.2541534193465624
0.7832730347938653,2.289935747076011,21.630283697403396,0.3147032798223841,9.599113750171604,1.8800210203392147
0.5317004593838989,0.5811014186457014,8.285817555624272,1.639693130798318,5.040678261683909,8.803094014834468
3.741060671373853,2.477922485612958,2.3676844716057595,6.876351767140121,2.50783761356561,1.6656541000805736
1.4530156848699742,2.160825565259161,5.6966662899366325,3.0740327574446122,3.1379633883801734,6.020837102867229
2.751592062350206,0.4341389628113967,1.115010574916446,4.955059363785513,1.2079974605421888,2.071309122854188
1.635536489437235,0.6237102850323315,0.6044962782355512,2.5925005022294205,6.438689044892499,3.312909461083948
0.9481811454716137,5.477759870159468,6.646930251674277,2.8787009469474136,0.7770608047246139,1.084183928601445
3.6240365104254235,0.43128086149080114,4.868014151898959,2.8272283435834122,7.293906611427502,1.7637652633299532
1.237246494233729,1.222911284760997,4.7800250770678145,8.062758259047772,5.229920746322825,2.0633572027509475
3.6950325140914804,1.6233061401954028,6.133564238010982,1.1070322211270278,1.3136521304629516,1.5445226088773634
3.6122470809063887,1.0024275841892671,2.9126082795451658,1.0665667199206839,3.309534068283671,3.3657571151904344
1.082799392476199,0.19128756969499516,21.87324028293719,6.1075538848359985,3.275897113985681,7.214303039530689
1.2091740637317203,0.20010292628779008,28.466444131159786,6.025384622398513,3.3375275308002617,7.134922952224973
1.1729337408801195,0.20645658839302627,27.95161981551552,6.114758692283765,3.2444744084849915,7.126908182181636
1.344097250468065,0.2474702683828443,12.400366264277327,3.0618858467737193,14.237504391673273,3.921407880930076
3.086406007661555,1.3335165445176635,7.191695476972388,4.1046281052267295,1.457224152221809,11.17023037449121
0.7296940950182685,1.873121220108119,16.163198102684117,2.8311972344732173,3.7741889190716766,2.9724304788864186
0.35932354780333836,5.6841042602547285,13.03344361171807,3.8667025283734264,0.6166892125772561,0.5602879592071904
5.095108437700666,1.0509586906028283,7.3921356596305845,2.3118977401413376,2.8587796969200197,3.737906688860166
4.216310742209596,0.6987008616042113,7.473046417379031,1.2183332314224729,3.905004246368629,5.43034448641975
1.534706005771337,0.4013126135773983,15.260959307185846,2.1364732073135384,1.828231378942978,3.007364541654068
3.0426859487693623,0.07271081629819441,6.844759934546144,3.843765733404272,1.374591261846875,10.455833030743939
6.147851734157099,0.8321180352013021,12.199831553855647,1.4966179257318757,1.8163981503613496,2.2768469064196952
0.9044673403734552,0.6681325461413828,4.2925366181914395,3.3451796847798425,1.057213993460375,0.49246143996598546
2.3322735396788947,0.43031411026550026,0.8584600271833024,1.671596691845874,0.7979509925905575,18.457911766163786
2.3849649296146875,0.4001776323742529,3.14929841759281,2.4331496025580734,1.1904011878982828,15.346932787297083
3.1392985457411973,2.0870112019273614,3.2213417101218167,2.654227133029778,0.549300292469676,7.0692047653768295
4.634856817286478,1.143571935925214,6.581554631891942,4.683476714544012,0.12862867460392485,8.239795297181113
0.7182643003548431,3.95901200950307,2.0048759682157815,2.8221924949094173,1.192639592318335,3.74275703606467
1.6856880852037053,1.3671303721296921,12.211209664748301,3.1101291389371224,0.9686299872357877,0.33410134792817886
1.938277582719199,1.3481508802996203,2.3088493643075547,2.5872507386366346,5.388608043219007,1.417106846168505
2.266200506222188,0.6844515043218291,9.655431602817261,4.028767243793369,1.9572112538088213,1.1974401527594063
1.6171276969843733,0.23233876818687926,2.2731337486834384,6.93214852028402,3.0031688598895747,6.908681932175483
1.9358355800096807,2.0594344612179865,12.607612096161006,7.031313431959334,1.2002731207098483,2.335340718928096
1.7301640306347161,0.9747143192621034,18.690170998928075,8.384886913534837,0.3287560740822656,3.911864336801535
5.534529688412787,1.1176706688986369,2.286982717005845,2.091698391294752,0.9080243208238374,3.04391482830644
5.400762189989334,2.2762765799469395,3.2159984312789076,5.252249319731947,0.5384862144916006,3.566376819345435
0.6015545879035772,3.3128704856167923,1.989715668211784,4.543395049841194,1.763591116866791,10.407221495402437
1.913593500370331,2.1628352289175536,5.027740626304516,4.108226988712276,2.7937116019437624,6.378112449686462
5.8221878719015185,0.9604917930712308,12.420053228799622,5.3496567154623955,1.31587005452026,4.22561362504102
1.9545424558811033,1.4237794092352254,4.189567550899978,5.246382203650708,1.0783183026308214,1.5069346895549915
0.5299346315390276,1.0294088069123666,5.260763438241932,3.59932739090972,7.534240874283596,1.6373358898851265
0.6389754065448923,1.3842617016966297,3.3300382144327285,5.632551425141024,1.60294764177951,1.8299879852518268
2.9669239048773783,0.9682526322066443,10.25575019869588,2.615391824609418,0.20344975105254545,3.0444400568125083
1.5962393123950174,2.110632482741689,11.906285369512059,7.281918083555446,1.9415155446090284,0.9018881501818089
0.8566277387498215,1.7327835956244801,12.59074284013171,7.731809792198653,2.1399352938088794,0.8725251832085621
2.756349673498382,0.5776942832498686,3.4784441386784937,5.640100322229909,3.7334506590355527,6.1424039023330215
6.921452610764712,0.09644160494356649,7.059655343189453,7.47357497861054,1.3321718271611693,7.783836020131456
1.4131510287340412,0.3605583449199688,18.85625017468318,3.122974200729593,3.573504240726071,13.11117984824402
2.521116874702632,0.44185486811671415,4.222246158156831,3.6623632175567993,6.7754232081841685,1.410681006536085
2.335304289768271,0.26339355770097084,1.7173738405717192,6.735033686576321,8.069818746665213,0.7170550388592459
2.6940698016198024,0.36649806999599666,23.50663198239784,1.7611262356952615,1.1933057658303976,2.0880906630629283
0.25885720307187515,3.5190094987591607,5.924568313875123,6.848468887420341,0.9662767509396595,1.5286792340036022
0.19818931895858258,4.4454788385671895,5.67470564342,6.426592758724898,1.333297568749619,0.9424145747718008
0.5982193018491466,0.17108110259306514,12.654930642479727,2.1997653261753674,5.084056833671035,1.739314659526065
2.4037792580858173,0.23166306750554524,10.126923085939048,4.4931544304917965,2.708669961053188,1.3774072779452204
0.5745457293113209,0.6924202197772269,4.261873453180774,3.051179022575654,1.6914011136440443,0.8977782218292002
